Fund Name,P1,P2,P3,P4,P5,Topsis Score,Rank
M6,0.92,0.85,3.7,59.1,16.14,0.885062,1
M7,0.81,0.66,3.0,59.7,16.04,0.776603,2
M2,0.83,0.69,3.3,50.7,13.88,0.721067,3
M8,0.68,0.46,3.4,61.3,16.46,0.603294,4
M3,0.67,0.45,4.3,45.1,12.63,0.431953,5
M5,0.66,0.44,4.0,33.4,9.63,0.382497,6
M1,0.82,0.67,7.0,48.1,14.15,0.3808,7
M4,0.69,0.48,5.5,33.5,10.04,0.232793,8
